{
  "best_global_step": null,
  "best_metric": null,
  "best_model_checkpoint": null,
  "epoch": 3.0,
  "eval_steps": 500,
  "global_step": 45,
  "is_hyper_param_search": false,
  "is_local_process_zero": true,
  "is_world_process_zero": true,
  "log_history": [
    {
      "epoch": 0.6666666666666666,
      "grad_norm": 10.639564514160156,
      "learning_rate": 4.111111111111111e-05,
      "loss": 6.5023338317871096,
      "step": 10
    },
    {
      "epoch": 1.3333333333333333,
      "grad_norm": 12.4478178024292,
      "learning_rate": 3e-05,
      "loss": 5.644368743896484,
      "step": 20
    },
    {
      "epoch": 2.0,
      "grad_norm": 10.307095527648926,
      "learning_rate": 1.888888888888889e-05,
      "loss": 5.114520645141601,
      "step": 30
    },
    {
      "epoch": 2.6666666666666665,
      "grad_norm": 11.34130859375,
      "learning_rate": 7.777777777777777e-06,
      "loss": 4.622241592407226,
      "step": 40
    }
  ],
  "logging_steps": 10,
  "max_steps": 45,
  "num_input_tokens_seen": 0,
  "num_train_epochs": 3,
  "save_steps": 500,
  "stateful_callbacks": {
    "TrainerControl": {
      "args": {
        "should_epoch_stop": false,
        "should_evaluate": false,
        "should_log": false,
        "should_save": true,
        "should_training_stop": true
      },
      "attributes": {}
    }
  },
  "total_flos": 181292103106560.0,
  "train_batch_size": 1,
  "trial_name": null,
  "trial_params": null
}
